league_name,playoff_round,order_position,manager
Press Play-offs,1,1,nuttguy
Press Play-offs,1,2,Tobi
Press Play-offs,1,3,paul.markhauser
Press Play-offs,1,4,connor.fehr
Press Play-offs,1,5,connor.fehr
Press Play-offs,1,6,paul.markhauser
Press Play-offs,1,7,Tobi
Press Play-offs,1,8,nuttguy
Press Play-offs,1,9,nuttguy
Press Play-offs,1,10,Tobi
Press Play-offs,1,11,paul.markhauser
Press Play-offs,1,12,connor.fehr
Press Play-offs,1,13,connor.fehr
Press Play-offs,1,14,paul.markhauser
Press Play-offs,1,15,Tobi
Press Play-offs,1,16,nuttguy
Press Play-offs,1,17,nuttguy
Press Play-offs,1,18,Tobi
Press Play-offs,1,19,paul.markhauser
Press Play-offs,1,20,connor.fehr
Press Play-offs,1,21,connor.fehr
Press Play-offs,1,22,paul.markhauser
Press Play-offs,1,23,Tobi
Press Play-offs,1,24,nuttguy
Press Play-offs,1,25,nuttguy
Press Play-offs,1,26,Tobi
Press Play-offs,1,27,paul.markhauser
Press Play-offs,1,28,connor.fehr
Press Play-offs,1,29,connor.fehr
Press Play-offs,1,30,paul.markhauser
Press Play-offs,1,31,Tobi
Press Play-offs,1,32,nuttguy
Press Play-offs,1,33,nuttguy
Press Play-offs,1,34,Tobi
Press Play-offs,1,35,paul.markhauser
Press Play-offs,1,36,connor.fehr
Press Play-offs,1,37,connor.fehr
Press Play-offs,1,38,paul.markhauser
Press Play-offs,1,39,Tobi
Press Play-offs,1,40,nuttguy
Press Play-offs,1,41,nuttguy
Press Play-offs,1,42,Tobi
Press Play-offs,1,43,paul.markhauser
Press Play-offs,1,44,connor.fehr
Press Play-offs,2,1,paul.markhauser
Press Play-offs,2,2,Tobi
Press Play-offs,2,3,nuttguy
Press Play-offs,2,4,connor.fehr
Press Play-offs,2,5,connor.fehr
Press Play-offs,2,6,nuttguy
Press Play-offs,2,7,Tobi
Press Play-offs,2,8,paul.markhauser
Press Play-offs,2,9,paul.markhauser
Press Play-offs,2,10,Tobi
Press Play-offs,2,11,nuttguy
Press Play-offs,2,12,connor.fehr
Press Play-offs,2,13,connor.fehr
Press Play-offs,2,14,nuttguy
Press Play-offs,2,15,Tobi
Press Play-offs,2,16,paul.markhauser
Press Play-offs,2,17,paul.markhauser
Press Play-offs,2,18,Tobi
Press Play-offs,2,19,nuttguy
Press Play-offs,2,20,connor.fehr
Press Play-offs,2,21,connor.fehr
Press Play-offs,2,22,nuttguy
Press Play-offs,2,23,Tobi
Press Play-offs,2,24,paul.markhauser
Press Play-offs,2,25,paul.markhauser
Press Play-offs,2,26,Tobi
Press Play-offs,2,27,nuttguy
Press Play-offs,2,28,connor.fehr
Press Play-offs,2,29,connor.fehr
Press Play-offs,2,30,nuttguy
Press Play-offs,2,31,Tobi
Press Play-offs,2,32,paul.markhauser
Press Play-offs,2,33,paul.markhauser
Press Play-offs,2,34,Tobi
Press Play-offs,2,35,nuttguy
Press Play-offs,2,36,connor.fehr
Press Play-offs,2,37,connor.fehr
Press Play-offs,2,38,nuttguy
Press Play-offs,2,39,Tobi
Press Play-offs,2,40,paul.markhauser
Press Play-offs,2,41,paul.markhauser
Press Play-offs,2,42,Tobi
Press Play-offs,2,43,nuttguy
Press Play-offs,2,44,connor.fehr
Press Play-offs,3,1,Tobi
Press Play-offs,3,2,paul.markhauser
Press Play-offs,3,3,nuttguy
Press Play-offs,3,4,connor.fehr
Press Play-offs,3,5,connor.fehr
Press Play-offs,3,6,nuttguy
Press Play-offs,3,7,paul.markhauser
Press Play-offs,3,8,Tobi
Press Play-offs,3,9,Tobi
Press Play-offs,3,10,paul.markhauser
Press Play-offs,3,11,nuttguy
Press Play-offs,3,12,connor.fehr
Press Play-offs,3,13,connor.fehr
Press Play-offs,3,14,nuttguy
Press Play-offs,3,15,paul.markhauser
Press Play-offs,3,16,Tobi
Press Play-offs,3,17,Tobi
Press Play-offs,3,18,paul.markhauser
Press Play-offs,3,19,nuttguy
Press Play-offs,3,20,connor.fehr
Press Play-offs,3,21,connor.fehr
Press Play-offs,3,22,nuttguy
Press Play-offs,3,23,paul.markhauser
Press Play-offs,3,24,Tobi
Press Play-offs,3,25,Tobi
Press Play-offs,3,26,paul.markhauser
Press Play-offs,3,27,nuttguy
Press Play-offs,3,28,connor.fehr
Press Play-offs,3,29,connor.fehr
Press Play-offs,3,30,nuttguy
Press Play-offs,3,31,paul.markhauser
Press Play-offs,3,32,Tobi
Press Play-offs,3,33,Tobi
Press Play-offs,3,34,paul.markhauser
Press Play-offs,3,35,nuttguy
Press Play-offs,3,36,connor.fehr
Press Play-offs,3,37,connor.fehr
Press Play-offs,3,38,nuttguy
Press Play-offs,3,39,paul.markhauser
Press Play-offs,3,40,Tobi
Press Play-offs,3,41,Tobi
Press Play-offs,3,42,paul.markhauser
Press Play-offs,3,43,nuttguy
Press Play-offs,3,44,connor.fehr
The Gemmell Cup,1,1,nuttguy
The Gemmell Cup,1,2,judah18
The Gemmell Cup,1,3,gemmell.levi
The Gemmell Cup,1,4,bentunigold
The Gemmell Cup,1,5,bentunigold
The Gemmell Cup,1,6,gemmell.levi
The Gemmell Cup,1,7,judah18
The Gemmell Cup,1,8,nuttguy
The Gemmell Cup,1,9,nuttguy
The Gemmell Cup,1,10,judah18
The Gemmell Cup,1,11,gemmell.levi
The Gemmell Cup,1,12,bentunigold
The Gemmell Cup,1,13,bentunigold
The Gemmell Cup,1,14,gemmell.levi
The Gemmell Cup,1,15,judah18
The Gemmell Cup,1,16,nuttguy
The Gemmell Cup,1,17,nuttguy
The Gemmell Cup,1,18,judah18
The Gemmell Cup,1,19,gemmell.levi
The Gemmell Cup,1,20,bentunigold
The Gemmell Cup,1,21,bentunigold
The Gemmell Cup,1,22,gemmell.levi
The Gemmell Cup,1,23,judah18
The Gemmell Cup,1,24,nuttguy
The Gemmell Cup,1,25,nuttguy
The Gemmell Cup,1,26,judah18
The Gemmell Cup,1,27,gemmell.levi
The Gemmell Cup,1,28,bentunigold
The Gemmell Cup,1,29,bentunigold
The Gemmell Cup,1,30,gemmell.levi
The Gemmell Cup,1,31,judah18
The Gemmell Cup,1,32,nuttguy
The Gemmell Cup,1,33,nuttguy
The Gemmell Cup,1,34,judah18
The Gemmell Cup,1,35,gemmell.levi
The Gemmell Cup,1,36,bentunigold
The Gemmell Cup,2,1,nuttguy
The Gemmell Cup,2,2,bentunigold
The Gemmell Cup,2,3,judah18
The Gemmell Cup,2,4,gemmell.levi
The Gemmell Cup,2,5,gemmell.levi
The Gemmell Cup,2,6,judah18
The Gemmell Cup,2,7,bentunigold
The Gemmell Cup,2,8,nuttguy
The Gemmell Cup,2,9,nuttguy
The Gemmell Cup,2,10,bentunigold
The Gemmell Cup,2,11,judah18
The Gemmell Cup,2,12,gemmell.levi
The Gemmell Cup,2,13,gemmell.levi
The Gemmell Cup,2,14,judah18
The Gemmell Cup,2,15,bentunigold
The Gemmell Cup,2,16,nuttguy
The Gemmell Cup,2,17,nuttguy
The Gemmell Cup,2,18,bentunigold
The Gemmell Cup,2,19,judah18
The Gemmell Cup,2,20,gemmell.levi
The Gemmell Cup,2,21,gemmell.levi
The Gemmell Cup,2,22,judah18
The Gemmell Cup,2,23,bentunigold
The Gemmell Cup,2,24,nuttguy
The Gemmell Cup,2,25,nuttguy
The Gemmell Cup,2,26,bentunigold
The Gemmell Cup,2,27,judah18
The Gemmell Cup,2,28,gemmell.levi
The Gemmell Cup,2,29,gemmell.levi
The Gemmell Cup,2,30,judah18
The Gemmell Cup,2,31,bentunigold
The Gemmell Cup,2,32,nuttguy
The Gemmell Cup,2,33,nuttguy
The Gemmell Cup,2,34,bentunigold
The Gemmell Cup,2,35,judah18
The Gemmell Cup,2,36,gemmell.levi
The Gemmell Cup,3,1,nuttguy
The Gemmell Cup,3,2,bentunigold
The Gemmell Cup,3,3,judah18
The Gemmell Cup,3,4,gemmell.levi
The Gemmell Cup,3,5,gemmell.levi
The Gemmell Cup,3,6,judah18
The Gemmell Cup,3,7,bentunigold
The Gemmell Cup,3,8,nuttguy
The Gemmell Cup,3,9,nuttguy
The Gemmell Cup,3,10,bentunigold
The Gemmell Cup,3,11,judah18
The Gemmell Cup,3,12,gemmell.levi
The Gemmell Cup,3,13,gemmell.levi
The Gemmell Cup,3,14,judah18
The Gemmell Cup,3,15,bentunigold
The Gemmell Cup,3,16,nuttguy
The Gemmell Cup,3,17,nuttguy
The Gemmell Cup,3,18,bentunigold
The Gemmell Cup,3,19,judah18
The Gemmell Cup,3,20,gemmell.levi
The Gemmell Cup,3,21,gemmell.levi
The Gemmell Cup,3,22,judah18
The Gemmell Cup,3,23,bentunigold
The Gemmell Cup,3,24,nuttguy
The Gemmell Cup,3,25,nuttguy
The Gemmell Cup,3,26,bentunigold
The Gemmell Cup,3,27,judah18
The Gemmell Cup,3,28,gemmell.levi
The Gemmell Cup,3,29,gemmell.levi
The Gemmell Cup,3,30,judah18
The Gemmell Cup,3,31,bentunigold
The Gemmell Cup,3,32,nuttguy
The Gemmell Cup,3,33,nuttguy
The Gemmell Cup,3,34,bentunigold
The Gemmell Cup,3,35,judah18
The Gemmell Cup,3,36,gemmell.levi
